가게 이름,Positive,Neutral,Negative,total_words,Positive (%),Neutral (%),Negative (%),sentiment,top_keywords
설빙 명지대점,63,570,27,660,9.545454545454547,86.36363636363636,4.090909090909091,Positive,"부자, 편하다, 친절하다, 더하다, 좋다, 낫다, 크다, 좋아하다, 괜찮다, 깔끔하다, 많다, 확실하다, 달콤하다, 맛있다, 시원하다, 믿다, 최고, 제대로"
설빙 명지대점,63,570,27,660,9.545454545454547,86.36363636363636,4.090909090909091,Negative,"없다, 비싸다, 어렵다, 아쉽다, 실망하다, 짐, 흘리다, 복잡하다, 늦다, 아니다, 최악, 맛없다, 덥다, 걸리다, 급하다"
설빙 명지대점,63,570,27,660,9.545454545454547,86.36363636363636,4.090909090909091,Neutral,"먹어주다, 이서, 담다, 힘드다, 치즈, 살다, 이건, 예전, 안좋다, 얹다, 잠시, 추가, 편, 여, 팥, 드네, 항상, 거, 하다, 인절미, 꽤, 부실하다, 알다, 것, 누락, 오다, 대화, 내용물, 워낙, 요거트, 깔다, 창, 위, 되다, 연유, 명, 상가, 멈추다, 오래, 자다, 긋다, 아유, 같다, 수정, 먼저, 사람, 직원, 지점, 녹차, 우리동네, 진짜, 롯데, 초코, 마감, 다시, 탓, 증, 그래도, 나오다, 리뷰, 이면, 시작, 기분, 요청, 주자, 차갑다, 오늘, 늘, 배달, 이다, 찾기, , 명지대, 사과, 망고, 원칙, 녹지, 넘다, 역시, 많이, 작, 이, 휘핑빼달, 땡기다, 사진, 기다리다, 어캐, 안, 지존, 서비스, 해주다, 좀, 애플, 주문, 지금, 누, 토스트, 얼음, 가다, 생각, 인, 화장실, 주다, 말씀드리다, 넣다, 저희, 추러스, 여전하다, 너무, 다른, 따로, 메론, 시즌, 오전, 말, 비다, 대신, 더치, 여름, 더, 시리얼, 홀, 여자, 찾다, 와이파이, 정보, 준비, 난감, 줄, 처음, 해드리다, 사항, 보기, 마인드, 수기, 요즘, 방문, 아무, 딸기, 팥빙수, 나다, 때, 하나, 개, 통팥, 너무도, 못, 작고, 요, 매장, 짱, 들어주다, 곳, 시간, 프랜차이즈, 채용, 몰다, 쫒다, 오르다, 들다, 작다, 않다, 에어컨, 총, 대기, 사다, 포장, 주차, 두, 상, 틀다, 내, 좌석, 하니, 넷이, 자전거, 때문, 야하다, 불친절하다, 시키다, 가능, 맛, 인지, 근데, 달라, 만, 줍다, 무료, 양도, 정리, 빙수, 좁다, 먹다, 등록, 아주, 테이블, 집, 거의, 간, 차례, 한마디, 불친절, 생기, 그릇, 기다림, 음식, 차라리, 굿굿, 토핑, 외식, 비비다, 명지댜, 해오다, 없이, 있다, 느끼다, 똑같다, 후, 돈, 설빙, 다, 안되다, 값, 차비, 첨입니닼, 먹음, 길이, 생, 기본, 이란, 사장, 아이, 직전, 달, 라이딩, 또, 디저트, 쿠폰, 다시다, 가깝다, 하겐다즈, 별로, 초코쿠키, 제, 질겨, 대략, 가보다, 근처, 아무리, 정말, 모자라, 하라, 땐, 수저, 끄다, 곳도, 끝나다, 뿌리다, 메뉴인, 여기, 남다, 수가, 굿, 원, 나서다, 커피, 이렇게, 올라가다, 금방, 공간, 먹기, 셨던, 크기"
가게 이름,Positive,Neutral,Negative,total_words,Positive (%),Neutral (%),Negative (%),sentiment,top_keywords
컴포즈커피 명지대사거리점,71,171,1,243,29.218106995884774,70.37037037037037,0.411522633744856,Negative,덥다
컴포즈커피 명지대사거리점,71,171,1,243,29.218106995884774,70.37037037037037,0.411522633744856,Positive,"따뜻하다, 빠르다, 맛있다, 좋아하다, 시원하다, 좋다, 저렴하다, 만족하다, 달콤하다, 최고, 감사, 친절하다"
컴포즈커피 명지대사거리점,71,171,1,243,29.218106995884774,70.37037037037037,0.411522633744856,Neutral,"언제나, 수, 오늘, 해오다, 보다, 온도, 비, 꽃힌, 사장, 넘다, 아샷추, 있다, 포장, 미지, 친, 제일, 주문, 직원, 시간대, 키위, 매장, 굿굿, 이, 해주다, , 카페, 만하, 쉐이크, 더, 보기, 둘, 바닐라, 스무디, 따끈하다, 생크림, 주스, 밑, 드리다, 아인, 남친, 이다, 식사, 너무, 굿, 모두, 패쓰, 시작, 돼다, 블루베리, 다, 맛, 쉬다, 한의원, 먹다, 늘, 하다, 요새, 아메리카노, 해주시, 에스프레소, 녹차, 단골, 슈페, 내, 너, 오다, 날, 사서, 방앗간, 알바생, 류, 굿궂, 마시다, 라떼, 좀, 바쁘다, 비다, 사르다, 딸기, 아주, 오르다, 취향, 커피집, 그렇게, 커피, 컴, 가성, 보통, 대신, 와플, 참새, 포즈"
가게 이름,Positive,Neutral,Negative,total_words,Positive (%),Neutral (%),Negative (%),sentiment,top_keywords
팔공티 명지전문대점,87,239,6,332,26.20481927710843,71.98795180722891,1.8072289156626504,Negative,"당하다, 어렵다, 없다, 아쉽다, 해"
팔공티 명지전문대점,87,239,6,332,26.20481927710843,71.98795180722891,1.8072289156626504,Neutral,"보고, 버블티, 딸기, 공부, 달다, 지점, 역시, 보금자리, 너무, 먹다, 블랙, 다, 카라멜, 시럽, 좋아욤, 얼음, 도, 쓸다, 찾기, 기본, 평일, 그래도, 사장, 브랜드, 조금, 같다, 사먹다, 가성, 지키다, 로, 낮, 쫀독쫀독, 사이좋다, 차라리, 알바, 상태, 되다, 하다, 처음, 타피오카, 것, 사고, 실내, 요, 연유, 샤머, 가격, 시리즈, 자다, 아메리카노, 자주, 시간, 코지, 방문, 힐링, 밥, 밀크, 많이, 사라지다, 이용, 않다, 이드, 습, 해주다, , 비도, 폼, 왠지, 직원, 제, 물론, 바닐라, 가깝다, 맛, 꽤, 좌석, 보다, 올라가다, 세상, 항상, 리뷰, 들다, 티집, 타로, 스무디, 성비, 드세다, 요거트, 짱, 최애, 딱, 마끼야또, 집중, 알바생, 기분, 굿, 디저트, 당, 고양이, 머스켓, 있다, 음료, 작, 안, 오전, 매장, 아주, 헤헤, 샤인, 조절, 달달, 망고, 꼭, 굿굿, 마감, 보이다, 굳다, 학생, 덩, 펄, 후식, 땡기다, 비갑, 마련, 조용하다, 티, 치즈, 링, 라떼, 쫠깃쫠깃, 선택, 이다, 비, 수"
팔공티 명지전문대점,87,239,6,332,26.20481927710843,71.98795180722891,1.8072289156626504,Positive,"좋다, 저렴하다, 예쁘다, 맛있다, 청결하다, 도리, 괜찮다, 환하다, 좋아하다, 최고, 부드럽다, 귀엽다, 깨끗하다, 많다, 친절하다, 친구"
가게 이름,Positive,Neutral,Negative,total_words,Positive (%),Neutral (%),Negative (%),sentiment,top_keywords
GRAP,97,527,6,630,15.396825396825397,83.65079365079366,0.9523809523809524,Neutral,"마음, 넘치다, 역시, 붙이다, 명지대, 넘다, 아아, 말다, 생겻길, 곳, 자주자주, 동네, 지나가다, 있다, 필름, 전도, 더, 가요, 길, 어떻다, 추천, 바삭, 아이스티, 때, 종류, 재, 모든, 취향, 저희, 이번, 두다, 라떼, 슈, 방문, 스무디, 가깝다, 테이크, 달, 맛, 아웃, 교회, 따로, 싶다, 보고, 가게, 꼬수워, 덕분, 생기다, 진하다, 별로, 신규, 되다, 찍다, 보다, 플레인, 입, 달다, 욧, 무엇, 가득하다, 우연히, 눈, 안, 컨셉, 카페, 찾아오다, 오다, 차이, 자다, 하다, 다음, 찾아보다, 처, 신상, 볼, 알바생, 물품, 학생, 하루, 먹다, 드리다, 장님, 집, 일단, 여친, 만들다, 강, 안되다, 꼭, 까페, 이, 갑자기, 지난번, 자주, 일, 바닐라, 다르다, 필링, 힙, 가보다, 보시, 애플, 요거트, 그림, 워, 시간, 본가, 블루베리, 음악, 치즈, 들어가다, 고냥이, 남가좌, 외부, 누나, 셨, 자몽, , 보내다, 처음, 만, 사진, 감성, 오픈, 느낌, 딸기, 기르다, 추다, 순삭, 집앞, 이다, 또, 용, 젠, 밖, 나들이, 띄다, 걸다, 서울, 굳다, 어제, 그렇게, 음료수, 해보다, 성의, 날, 왕왕, 날씨, 두번째, 너무, 책, 들다, 코코넛, 것, 못, 은, 주문, 유니크, 저격, 단골, 많이, 디저트, 여기, 팔다, 주민, 이렇다, 내다, 아이, 마, 심플, 진짜, 파이다, 음료, 그리다, 데리, 새롭다, 근데, 핫, 늘, 갤러리, 햄, 아메리카노, 과육, 해오다, 분위기, 가슴, 엄청, 놓다, 바뀌다, 주다, 불고기, 마시다, 리뷰, 파이, 미숫가루, 미술관, 갠, 남기다, 직접, 조합, 추가, 안녕하다, 들어오다, 종종, 번, 커피, 라테, 수, 다, 복되다, 가다, 아무튼, 쭉쭉, 애플파이, 나오다, 근처, 이드, 스텀, 건지다, 센스, 고소하다, 점장님, 메뉴, 찜, 모두, 오늘, 해주다, 지인, 시키다, 얼마, 데, 남자친구, 남자, 이용, 존맛, 혼자, 크림, 매장, 이사, 불닭, 의사, 사연, 욤, 않다, 복숭아, 힙해, 정말, 인절미, 선곡, 인테리어, 창문, 찾아가다, 앉다, 다른, 사장, 좀, 남가좌동, 좌석, 알바, 스랑, 게, 거, 포장, 같다, 나누다"
GRAP,97,527,6,630,15.396825396825397,83.65079365079366,0.9523809523809524,Negative,"없다, 추하다, 일부러, 늘어나다, 아쉽다, 아깝다"
GRAP,97,527,6,630,15.396825396825397,83.65079365079366,0.9523809523809524,Positive,"예쁘다, 강추, 괜찮다, 받다, 기쁘다, 따뜻하다, 많다, 맛있다, 재미있다, 이쁘다, 귀엽다, 돋보이다, 좋아하다, 친절하다, 독특하다, 사랑, 좋다, 다양하다, 대접, 즐기다, 잘생기다, 어울리다, 만족, 굉장하다, 감사하다, 맛집, 크다, 최고, 친절, 축복, 행복하다"
가게 이름,Positive,Neutral,Negative,total_words,Positive (%),Neutral (%),Negative (%),sentiment,top_keywords
셀렉토커피 남가좌점,45,143,9,197,22.84263959390863,72.58883248730965,4.568527918781726,Positive,"괜찮다, 맛있다, 깔끔하다, 좋다, 시원하다, 용하다, 감사하다, 기대, 할인, 친절하다, 반갑다, 깨끗하다"
셀렉토커피 남가좌점,45,143,9,197,22.84263959390863,72.58883248730965,4.568527918781726,Negative,"아쉽다, 덥다, 지경, 힘들다, 없다, 어려움, 아니다, 최악"
셀렉토커피 남가좌점,45,143,9,197,22.84263959390863,72.58883248730965,4.568527918781726,Neutral,"합리, 약속, 서울, 남아, 원하다, 곳, 맛, 매장, 그래도, 숨쉬기, 눈, 나, 되다, 나서다, 메뉴, 가체, 괜, 가기, 보다, 차다, 제, 사먹다, 얼음, 동네, 이디야, 가다, 심부름, 전, 딱, 적다, 사장, 찾다, 말다, , 지나가다, 베다, 이상, 담배, 앞, 항상, 즌데, 가격, 시, 초코, 바로, 이용, 설명, 내외, 티, 하나, 텀블러, 기분, 딸기스무디, 있다, 자다, 이다, 시키다, 달콤, 경상도, 아이스, 버블티, 요, 많이, 들어가다, 친철, 커피, 잠시, 처음, 특히, 프, 커피한잔, 버정, 망고, 냄새, 너무, 하다, 다음, 토, 음료, 먹다, 차, 넣다, 모카, 셀렉, 추천, 역시, 라떼, 원, 용용, 오다, 굿, 그냥, 비슷하다, 남자, 보이다, 또, 스무디, 화장실, 자몽, 짱임돠, 들르다"
가게 이름,Positive,Neutral,Negative,total_words,Positive (%),Neutral (%),Negative (%),sentiment,top_keywords
메가MGC커피 명지대점,52,267,11,330,15.757575757575756,80.9090909090909,3.3333333333333335,Positive,"착하다, 친절, 시원하다, 용하다, 좋다, 감사하다, 친절하다, 많다, 맛있다, 받다"
메가MGC커피 명지대점,52,267,11,330,15.757575757575756,80.9090909090909,3.3333333333333335,Negative,"아니다, 버리다, 떨어지다, 망치다, 흘리다, 추하다"
메가MGC커피 명지대점,52,267,11,330,15.757575757575756,80.9090909090909,3.3333333333333335,Neutral,"선수, 딸리다, 팬, 수영, 남자, 아메리카노, 가다, 주문, 사가다, 빵, 번창, 분, 지인, 들어가다, 감자, 항상, 불친절, 넛, 쌩, 들다, 아이, 갖다, 가르다, 쿠키, 왜, 매장, 때, 티라미슈, 마시다, 이용, 바로, 커피, 퇴근, 얹다, 카페, 다, 느낌, 불친절하다, 건, 후, 그렇다, 컵, 손흥민, 저, 츠천, 매번, 질질, 서나, 쏘다, 밋있어, 막, 자체, 일, 선물, 말다, 좋아헤, 진짜, , 주다, 오레오, 기분, 제, 대화, 진심, 함, 이다, 모닝커피, 정류장, 메뉴, 사진, 그, 토피, 쿠폰, 젤라또, 버스, 추천, 자주, 녹차, 내리다, 막다, 보다, 계속, 메, 강, 팀, 들리다, 다가, 그냥, 굿, 티타임, 딸기, 너무, 묽다, 혼란, 가성, 거리, 보고서, 무조건, 라떼, 무리, 역시, 집, 비도, 아이스, 좀, 안, 사먹다, 핸드폰, 비, 할로윈, 싸다, 사다, 직접, 꼭, 가게, 어플, 파다, 빼, 곳, 굿굿, 알바생, 자다, 케이크, 끼다, 이렇게, 가격, 넣다, 어디, 포장, 걸, 먹다, 줄, 번호, 생크림, 시간, 오다, 손님, 그저, 굳다, 싶다, 양도, 아이스크림, 찍다, 존맛, 느끼다, 하다, 묻다, 있다, 빼다, 나오다, 모르다, 구조"
가게 이름,Positive,Neutral,Negative,total_words,Positive (%),Neutral (%),Negative (%),sentiment,top_keywords
시냇가에심은나무,104,441,13,558,18.63799283154122,79.03225806451613,2.3297491039426523,Neutral,"십상, 구름, 가다, 여기다, 류, 날, 대왕, 신데렐라, 내내, 주문, 학년, 너무, 도로, 식빵, 생각, 운영, 요, 우연히, 쉘, 케익, 하나, 완전, 불친절, 우리, 사르다, 스럽다, 다니다, 일단, 코코넛, 싸다, 부르다, 올라가다, 팥빵, 과일, 찾다, 여, 엄청, 보기, 가야, 때, 빵, 있다, 단단하다, 곳, 리비, 해주시, 차다, 빵집, 오후, 행사, 십년, 않다, 토핑, 특히, 파이, 예약, 신하, 모임, 생크림, 맞추다, 동생, 오다, 정말, 사장, 거의, 케잌, 달다, 준비, 방문, 마다, 설명, 쉬폰, 감자, 심, 부드러움, 순삭, 가면, 쿠키, 진하다, 아주, 사람, 주심, 모든, 독특, 엄선, 고정, 안시, 사다, 처음, 동네, 문자, 쵸코, 없이, 사, , 사먹다, 가게, 알다, 듣다, 호두, 치즈케이크, 선물, 달, 만들다, 살때, 이다, 들다, 네, 늘, 소문, 전, 폭, 같다, 주먹, 크리스마스, 장벽, 즉석, 아시, 구매, 맛, 러스크, 젤, 파다, 바라다, 리베로, 가성, 번, 진입, 쇼콜라, 수, 보존, 참고, 시간, 파운드, 안, 케이크, 그치다, 것, 짱, 죽향, 사서, 굿, 폭신쫄깃, 커피, 항상, 맛보다, 벌써, 리베라, 좀, 자다, 밤늦다, 좌석, 매장, 또, 굿굿, 한판, 하루, 집, 되어다, 쥬, 야간, 생일, 도착, 근데, 촉촉하다, 견과류, 분위기, 천연기념물, 해주다, 팔다, 바로, 모카, 가격, 주다, 종류, 비도, 쉬폰케익, 대학, 초콜릿, 숨다, 이상, 시트, 세번, 여기, 우유, 파리바게트, 소프트, 다, 초코, 장인정신, 가볍다, 밤, 오래되다, 딸기, 만, 장님, 먹다, 하다, 많이, 오픈, 글귀, 이, 매니아, 매번, 바삭, 당황, 준, 나오다, 모두, 저녁, 설정, 잇다, 분, 보다, 추천, 대학교, 진짜, 밀도"
시냇가에심은나무,104,441,13,558,18.63799283154122,79.03225806451613,2.3297491039426523,Negative,"느끼하다, 늦다, 아니다, 깜놀, 버리다, 무너지다, 없다"
시냇가에심은나무,104,441,13,558,18.63799283154122,79.03225806451613,2.3297491039426523,Positive,"좋다, 크다, 감탄, 맛있다, 필수, 신선하다, 굉장하다, 청결하다, 감사하다, 저렴하다, 믿다, 친구, 최고, 친절하다, 많다, 부드럽다, 맛집, 받다, 편하다"
가게 이름,Positive,Neutral,Negative,total_words,Positive (%),Neutral (%),Negative (%),sentiment,top_keywords
오월의 이유,78,334,0,412,18.932038834951456,81.06796116504854,0.0,Positive,"여유, 편안하다, 따뜻하다, 강추, 이쁘다, 도리, 많다, 예쁘다, 평화롭다, 최고, 훌륭하다, 감사하다, 만족하다, 좋아하다, 괜찮다, 어울리다, 깔끔하다, 평온하다, 맛있다, 편하다, 좋다, 깨끗하다, 청결하다, 보람, 친절하다"
오월의 이유,78,334,0,412,18.932038834951456,81.06796116504854,0.0,Neutral,"맛보다, 브라우니, 인테리어, 아담하다, 티, 이렇다, 번, 이유, 잇다, 작업, 꼭, 째다, 진짜, 몰리다, 서울, 거나, 주택가, 위해, 스콘, 슈페, 좁다, 좌석, 정말, 주차, 꽤, 마음, 카페, 이름, 음료, 집중, 나, 쉬다, 다음, 공간, 바로, 먹기, 안, 전, 방문, 머스트, 인근, 너무, 다, 이다, 자몽, 짜다, 연휴, 커피, 개인, 아늑하다, 사장, 가다, 딸기, 소식, 저희, 라떼, 보다, , 초코, 진, 가보다, 느낌, 주음, 파이다, 티라미수, 완전, 것, 그치다, 약간, 좀, 욤, 따다, 우려, 맛, 대화, 오월, 레몬, 너, 돗, 메뉴, 오후, 넉, 생각, 않다, 가면, 가기, 되어다, 골목, 한적, 알, 아무래도, 자리, 쏘다, 쇼콜라, 조용하다, 하다, 매장, 진열, 올려주다, 싶다, 호록, 같다, 겨울, 넘다, 보이다, 다시, 사진, 또, 굿굿, 오다, 들다, 굳다, 오래, 티라미슈, 칩, 기다리다, 그냥, 분위기, 탑, 책, 마시다, 손님, 더, 분, 바닐라, 디저트, 나누다, 오늘, 있다, 읽다, 얘기, 미네, 주스, 시내, 크림, 곳, 번창, 위치, 조합, 수박, 골목길, 수, 쓰다, 커피한잔, 사람, 굿, 아인, 직원, 혼자, 아이스크림, 출근, 공부, 먹다, 작, 눈치, 촉촉하다, 주인, 처음, 숨다, 치즈케이크, 포장, 무엇, 완맛"
가게 이름,Positive,Neutral,Negative,total_words,Positive (%),Neutral (%),Negative (%),sentiment,top_keywords
디저트39 명지대점,94,305,13,412,22.815533980582526,74.02912621359224,3.1553398058252426,Neutral,"게, 가다, 가지, 재활용, 종류, 홍차, 욬, 저녁, 칼로리, 동네, 카페, 슬러시, 누, 빵, 페, 진짜, 자바, 하다, 기다리다, , 수, 바닐라, 알다, 배달, 너무, 해주다, 존맛, 연휴, 무난, 메뉴, 컵, 거의, 러, 기분, 준비, 말, 이렇게, 늘다, 잇다, 티, 잔, 오래, 리, 오믈렛, 처음, 정말, 구입, 율, 굿굿, 선택, 카라멜, 용량, 선생님, 양도, 가져가다, 랑드, 선물, 주문, 왠지, 가끔, 종종, 시간, 작업, 음악, 오스, 물건, 용, 우연히, 요, 또, 오늘, 오다, 집, 바쁘다, 때, 치과, 키, 라떼, 돟, 먹다, 점심, 무, 프로, 다, 근데, 큰소리, 뭐, 역시, 그냥, 생각나다, 하라, 맛, 연, 이다, 부르다, 매우, 반응, 가격, 가성, 원래, 슬림라인, 나오다, 베이글, 싸다, 리뷰, 이용, 꼭, 크림, 요기, 포장, 잠, 자주, 쉐이크, 방문, 카페인, 들다, 좀, 칩, 말다, 최대, 커피, 슈페, 로얄, 건지다, 엄청, 밀크, 쉬다, 아인, 같다, 밀리다, 추가, 매장, 길, 양, 완맛, 정도, 습, 크레이프, 회색, 텀블러, 혜자, 마싯다, 바삭, 거, 분위기, 있다, 너, 비, 밤, 니당다, 주다, 아이스, 난관, 치즈, 못자다, 아아, 맘, 디저트, 곳, 딸기, 먹기, 염, 건, 틴, 여름, 음료, 굿, 프라, 대용, 늘, 뵈다, 베다, 들리다, 어어, 굳다, 왜케, 소금"
디저트39 명지대점,94,305,13,412,22.815533980582526,74.02912621359224,3.1553398058252426,Positive,"착하다, 크다, 많다, 부드럽다, 받다, 가능하다, 맛있다, 좋다, 다양하다, 따뜻하다, 이쁘다, 깔끔하다, 고르다, 용기, 특이하다, 할인, 친절하다, 청결하다, 맛집, 저렴하다, 예쁘다"
디저트39 명지대점,94,305,13,412,22.815533980582526,74.02912621359224,3.1553398058252426,Negative,"걸리다, 약하다, 늦다, 지다, 아쉽다, 비싸다, 장애, 해, 없다"
가게 이름,Positive,Neutral,Negative,total_words,Positive (%),Neutral (%),Negative (%),sentiment,top_keywords
크레페허브,172,893,17,1082,15.89648798521257,82.53234750462107,1.5711645101663587,Positive,"편리하다, 크다, 좋다, 쾌적하다, 만족, 달콤하다, 친절하다, 다양하다, 부드럽다, 훌륭하다, 깨끗하다, 시원하다, 조화, 빠르다, 이벤트, 감사하다, 신선하다, 귀엽다, 맛집, 대단하다, 정, 예쁘다, 최고, 따뜻하다, 할인, 도리, 기대하다, 맛있다, 많다, 강추, 배우다, 가능하다, 좋아하다, 즐기다, 깔끔하다"
크레페허브,172,893,17,1082,15.89648798521257,82.53234750462107,1.5711645101663587,Neutral,"궁금하다, 굽다, 리뷰, 욥, 하루, 서비스, 저만큼, 개미, 앗, 드리다, 무조, 정말, 이다, 후회되다, 직원, 아직, 예술, 증말, 먹기, 다, 가게, 분다, 아이스, 그리다, 크림브륄레, 우, 일, 매일, 원래, 빵, 눈, 학원, 몰다, 보기, 간반, 집, 양, 내부, 앞, 쏘다, 카페, 인스타, 단단하다, 돼다, 의사, 금방, 바닐라, 혹은, 오스, 존맛퉹, 팝업, 생크림, 센베, 추가, 학교, 일본, 아아, 아이스크림, 주어, 얇다, 볼, 개, 짘짜, 본점, 먹음, 주문, 근처, 용, 같이, 몀, 들어가다, 간식, 재, 건지다, 달달, 강, 수, 차로, 무, 레전드, 탱, 기와, 영, 첫째, 너, 디저트, 단골, 내, 마르다, 재료, 근데, 요거트, 생각나다, 난리, 부분, 갈다, 설탕, 거임, 굽, 살다, 공갈빵, 임, 찾기, 이모저모, 안, 키킼, 두번째, 존맛, 똥, 배달, 이번, 가격, 적다, 몰티져스, 음, 벌써, 누텔라, 씨, 나, 먹고다, 재질, 날, 쵸코, 조금, 넓다, 형성, 거리, 아이, 합리, 잇다, 니당다, 즉시, 않다, 찌다, 여기, 호떡, 왕, 홍홍, 곳, 싶다, 클래식, 점심, 일본여행, 도, 넣다, 접, 사진, 나영, 하다, 뜨다, 커피, 하겐다즈, 칭구들, 차다, 저, 만들다, 과일토핑, , 지고, 궁합, 완전, 형식, 맨날, 알반, 전시회, 오래, 가다, 무었, 치다, 쫄깃하, 다니다, 사먹다, 반, 입성, 번은, 왜, 초코, 들르다, 보통, 늘, 달마, 보고, 습, 당첨, 다르다, 오다, 미치다, 가끔, 게다가, 이, 올해, 처음, 건, 망바블, 명지대, 뿐, 그, 원하다, 커서, 그래도, 추천, 배부르다, 좀, 한번, 스럽다, 비승, 고소하다, 흠, 흔하다, 얼굴, 이상, 안되다, 산책, 포장, 방문, 양도, 충전, 한시, 꼭, 염, 타다, 예정, 셀카, 오, 진짜, 보, 얼마, 안녕하다, 거린데, 종류, 과일, 동네, 너무, 주지, 힘드다, 전문점, 직, 숙녀, 스, 맛, 계속, 스프레드, 예민하다, 인테리어, 시키다, 잔뜩, 저번, 개꿀맛, 전혀, 눅눅하다, 라우, 집앞, 게, 압축, 몇번, 요, 단, 번창, 버터, 하하호호, 매장, 소금, 이제야, 번, 달다, 들어오다, 조합, 직접, 집중, 나오다, 솔트, 항상, 드디어, 들다, 엄청, 평점, 과식, 일단, 지나다, 오픈, 굳다, 패키지, 자유롭다, 째다, 분, 쓸다, 멀다, 자주, 말, 생각, 분위기, 미가, 또, 붓, 것, 지리다, 사장, 짭짤하다, 왓어, 크레페, 조리, 같다, 듬뿍, 유머, 가장, 허브, 토핑, 오늘, 쫄깃쫄깃, 있다, 공간, 선생님, 그렇다, 구, 바삭바삭하다, 쿨톤, 망고, 보태, 되다, 한지, 더, 반죽, 밥, 뇨, 아메리카노, 바삭, 오지, 시간, 뭔가, 픔, 살짝, 티져, 키, 웜톤, 넘다, 쟝, 동물성, 땡기다, 자다, 자리, 딸기, 짜다, 풍, 시작, 질리, 퀄리티, 푸다, 음료, 어른, 특히, 마다, 모르다, 때, 러스, 알바, 크기, 스텀, 꾸준하다, 보다, 화장실, 춘천, 요즘, 머글, 어딘, 거, 남다, 주시, 피넛, 선택, 정도, 사주다, 탕, 인지, 누르다, 아늑하다, 먹다, 옴"
크레페허브,172,893,17,1082,15.89648798521257,82.53234750462107,1.5711645101663587,Negative,"해, 늦다, 아쉬움, 짐, 아쉽다, 아니다, 느릿느릿, 걸리다, 거짓말, 추하다, 없다"
가게 이름,Positive,Neutral,Negative,total_words,Positive (%),Neutral (%),Negative (%),sentiment,top_keywords
카페인중독 명지대점,160,665,25,850,18.823529411764707,78.23529411764706,2.941176470588235,Neutral,"디자인, 떡볶이, 아빠, 중, 이애, 알다, 특히, 달달, 우유, 않다, 컵, 만들다, 추천, 반죽, 있다, 하나, 보다, 꼬치, 더, 무거워, 동네, 고소하다, 메뉴, 짱, 들다, 혼자, 이용, 샌드위치, 줄, 신림, 항상, 기억, 평소, 빠삭하, 수, 새롭다, 인생, 크룽, 자전거, 진해, 분다, 겨울, 매장, 직원, 절로, 적다, 줄다, 아메리카노, 보, 그니, 소금, 다른, 누텔라, 도전, 와플, 산책, 습, 자주, 타고, 명지대, 당첨, 주방, 생기다, 제, 커피, 최애, 차다, 왕, 것, 굿굿, 할로윈, 집앞, 방, 치다, 취향, 아이스티, 토요일, 가용, 리뷰, 쩝, 사장, 규, 맛나, 사먹다, 냠냠, 외플, 디저트, 안고, 잇다, 따라오다, 궁합, 빨래, 이다, 바삭바삭, 같다, 근처, 조합, 바삭, 곳, 아직, 출출하다, 한번, 용량, 카페인, 앞, 저번, 굳이, 스타일, 가성, 드디어, 양, 생크림, 누, 바로, 음료, 스무디, 옹, 무엇, 어리다, 사다, 트랜스지방, 대학, 하다, 돌리다, 보틀, 여기, 햅쌀, 또, 본점, 되다, 다, 싶다, 오다, 자다, 물론, 나오다, 때, 매번, 찾다, 짇짜, 니당다, 역시, 종종, 여기다, 버터, 비, 강추추추, 고해, 가다, 진짜, 우리동네, 토스트, 먹기, 집, 가격, 애, 간식, 엄청, 궁금하다, 충전, 첨가, 바나나, 돼다, 종류, 해보다, 전부, 티라미수, 가끔, 카야, 이후, 라면, 찾아오다, 사르다, 어유, 이번, 별로, 기다리다, 코코넛, 카페, 너무, 달라, 동물성, 떡, 푸다, 언제, 다르다, 찌다, 크림, 최공, 서서, 해봤다, 점, 넘다, 기본, 먹다, 조절, 처음, , 리터, 말, 꼭, 땅, 주인, 붕어빵, 나서다, 서도, 사과, 사람, 애용, 완전, 제일, 편, 양도, 카, 맛, 애플, 효, 과, 미치다, 인테리어, 같이, 그만큼, 복숭아, 나유, 드리다, 향, 보이다, 살찌다, 다음, 포장, 정말, 아이, 쉬다, 용, 방문, 풀이, 많이, 짱짱, 늘, 주변, 딸기, 로투스"
카페인중독 명지대점,160,665,25,850,18.823529411764707,78.23529411764706,2.941176470588235,Positive,"친절하다, 많다, 기대, 감동, 믿다, 열심히, 최고, 달콤하다, 다양하다, 착하다, 강추, 함께, 기대하다, 부드럽다, 확실하다, 맛있다, 친구, 좋아하다, 받다, 이벤트, 적극, 제대로, 넉넉하다, 깨끗하다, 감탄, 정성껏, 좋다, 깔끔하다, 맛집, 청결하다, 크다, 완벽하다"
카페인중독 명지대점,160,665,25,850,18.823529411764707,78.23529411764706,2.941176470588235,Negative,"후회, 환상, 맛없다, 중독, 아니다, 짐, 없다, 느끼하다"
가게 이름,Positive,Neutral,Negative,total_words,Positive (%),Neutral (%),Negative (%),sentiment,top_keywords
발루토 핀치,119,415,7,541,21.996303142329023,76.7097966728281,1.2939001848428837,Negative,"없다, 지다, 해, 맛없다"
발루토 핀치,119,415,7,541,21.996303142329023,76.7097966728281,1.2939001848428837,Neutral,"니당다, 선택, 봉투, 커피집, 정말, 넘다, 티, 자주, 가격, 종종, 구매, 완전, 맛, 아이스크림, 데, 분위, 곳, 있다, 담백하다, 멀리, 아직, 우연히, 스콘, 미치다, 더, 꼭, 들다, 것, 고민, 처음, 비주, 닷, 동시, 보통, 취향, 은근, 메뉴, 아메리카노, 저, 너무, 워, 여전하다, 무무, 없이, 똑같다, 여기, 가장, 장도, 쿠키, 오다, 서도, 표정, 담다, 이름, 우, 제일, 얼그레이, 집, 데우다, 무화과, 다르다, 종류, 계속, 조용하다, 고하, 번은, 통밀, 추천, 젤라또, 그렇다, 테이크아웃, 보고, 저격, 음료, 가성, 같다, 안나, 학교, 가다, 명지대, 인테리어, 느껴지다, 발루토, 한번, 커피, 그, 짱, 사고, 아늑하다, 이드, 뻑뻑, 되다, 들어가다, 지나가다, 녹다, 공부, 칩, 커튼, 포장, 라떼, 하다, 다, 그대로, 앞, 졸업, 사보다, 주인, 진하다, 이다, 밀크, 달, 족, 초코, 쩝, 비, 굿, 요, 분위기, 많이, 사장, 비갑, 주변, 다른, 히, 나서다, 용, 우유, 중, 녹차, 조금, 말다, 만강, 딸기, 특히, 차다, 동네, 매장, 굳다, 카페, 디저트, 먹다, 하나, 생각, 뭔가, 않다, 죤맛탱, 좀, 해주다, 사면, 녹차아이스크림, 작다, 매번, 나용, 아이스, 보다, 뭄, 나다, 습, 케이크, 진, 무엇, 디져트, 엄청, 살짝, 진짜, 싸다, 땡큐, 데려가다, 주다, 말차, 방문, 자리, 원두, 얼, 주문, , 달라"
발루토 핀치,119,415,7,541,21.996303142329023,76.7097966728281,1.2939001848428837,Positive,"깔끔하다, 많다, 착하다, 부드럽다, 고급, 친절하다, 놀다, 확실하다, 예쁘다, 저렴하다, 좋다, 친구, 신선하다, 편하다, 최고, 편안하다, 괜찮다, 특별하다, 받다, 행복, 맛집, 할인, 맛있다, 어울리다, 좋아하다"
가게 이름,Positive,Neutral,Negative,total_words,Positive (%),Neutral (%),Negative (%),sentiment,top_keywords
글룩베이커리,84,491,9,584,14.383561643835616,84.07534246575342,1.5410958904109588,Neutral,"오다, 드디어, 동네, 앙금, 츄릅, 아가씨, 것, 내, 건강, 자꾸, 존맛, 보다, 치즈, 류, 캄파뉴, 자주, 제, 호밀, 아이, 팔다, 정말, 개인, 고소하다, 신랑, 포, 소금, 굿굿, 거리, 바게트, 완전, 서대문, 온, 걸, 사다, 최애, 아침, 하나, 소보, 못, 생각나다, 같다, 여기다, 건, 들어가다, 너무, 어울림, 않다, 지나가다, 영수증, 검색, 냄새, 등등, 치아바타, 듯이, 맛남, 비, 다, 모르다, 발견, 게, 찾다, 나, 딱, 종류, 너무나, 직접, 올리브, 욧, 먹다, 새롭다, 안, 굿, 사르다, 안나, 눈팅, 귀엽넹, 한번, 사가다, 빵, 소, 최, 안되다, 갈다, 확인, 천연, 늨, 포장, 보고, 단팥빵, 타다, 꽉차다, 사서, 오오오, 이번, 하다, 의사, 이유, 매우, 밤, 많이, 사진, 딸기, , 발효종, 줄, 감성, 주, 오래오래, 잇다, 알다, 이끌다, 곳, 에프, 가져오다, 알고싶다, 호두, 입, 유럽, 두께, 거, 알, 계속, 피자, 기존, 굽다, 탱, 마늘빵, 시즌, 자리, 방금, 질깃, 들고나다, 언제나, 미치다, 리뷰, 또, 굳다, 지금, 밤팥빵, 보루, 뜨다, 비도, 표함, 가다, 인터넷, 이렇다, 주말, 가성, 별로, 길, 되돌아가다, 나오다, 금, 그, 홀리, 빵집, 전부, 버터, 판매, 걸다, 따라서, 달, 번, 쓰다, 깜빠뉴, 생크림, 선물, 처음, 만이, 싶다, 저녁, 늘, 해보다, 이, 방문, 없이, 크랜베리, 검은색, 글룩, 남기다, 그렇다, 물다, 얼리다, 더, 사장, 우연히, 베이커리, 들다, 이후, 바게뜨, 상품, 쿠키, 끈, 삼십분, 사실, 재, 정도, 캐릭터, 넘다, 그냥, 요, 전, 살다, 뻘뻘, 파다, 초코, 썰다, 이다, 찾아가다, 인생, 이상, 스틱, 매장, 진짜, 매주, 서다, 보로, 가격, 일주일, 땀, 개, 역시, 고, 모두, 시도, 맛, 서대문구, 가족, 동시, 건빵, 꼭, 요기, 크림, 있다, 추천, 소보로빵, 제일"
글룩베이커리,84,491,9,584,14.383561643835616,84.07534246575342,1.5410958904109588,Negative,"아쉽다, 속이다, 슬픔, 아니다, 흘리다, 일부러"
글룩베이커리,84,491,9,584,14.383561643835616,84.07534246575342,1.5410958904109588,Positive,"예쁘다, 편하다, 할인, 받다, 많다, 저렴하다, 좋아하다, 다양하다, 착하다, 한결같이, 사랑, 크다, 좋다, 친구, 만족스럽다, 행복하다, 맛있다, 최고, 만족하다, 맛집, 부드럽다, 기대, 친절하다, 정성스럽다"
가게 이름,Positive,Neutral,Negative,total_words,Positive (%),Neutral (%),Negative (%),sentiment,top_keywords
프에프에케이크,175,1130,28,1333,13.12828207051763,84.77119279819955,2.100525131282821,Negative,"해, 무섭다, 없다, 일부러, 놓치다, 멍청하다, 느끼하다, 어렵다, 질리다, 아쉽다, 아니다, 나쁘다, 후회, 정신없이"
프에프에케이크,175,1130,28,1333,13.12828207051763,84.77119279819955,2.100525131282821,Neutral,"저번, 걷다, 아들, 살다, 되어다, 의하다, 수제, 모임, 직접, 덜, 기왕, 앉은자리, 속, 특히, 완전, 못, 전문점, 만들다, 얼다, 오른쪽, 동물성, 이나고, 어우러지다, 기회, 제일, 크림, 성합, 이집, 빠바, 서대문, , 통, 문제, 촉감, 존맛임, 상견, 디저트, 요, 맞이, 폭탄, 주문, 폭, 바로, 보고, 나다, 무스, 남동생, 작다, 아담하다, 다행, 올리다, 생신, 사다, 썰다, 겠다, 기억, 쇼트, 해주다, 느껴지다, 홀, 딱이다, 보기, 드디어, 블루베리, 이정희, 사이즈, 마침, 방문, 같다, 도착, 축축하다, 아이, 맛보다, 우연히, 문도, 문득, 보다, 먹음, 동네, 그대로, 날, 휘, 러번데, 기, 다기, 담백하다, 무조건, 판매, 큐브, 위, 절대, 피오, 옆옆, 부탁드리다, 파다, 만족도, 개인, 숍, 알다, 통조림, 옆집, 자주, 썩, 세상, 진, 긋다, 갓, 깜박, 감다, 조금, 초코, 가격, 바람, 늘다, 자체, 전문, 본연, 느끼다, 올려주다, 절, 보이다, 다른, 식, 향, 해보다, 이건, 그게, 원, 개다, 사보다, 남다, 후기, 생각, 너무, 배부르다, 에프, 명지대, 동생, 많이, 게, 대요, 레만, 생, 쓸다, 근처, 치즈, 있다, 느낌, 신경, 주변, 달, 박히다, 되다, 가족, 더, 번창, 무엇, 엉망, 여기다, 재, 올라가다, 이면, 잊혀지다, 레, 사진, 끄다, 촉촉하다, 가면, 집, 유명, 빵, 다음, 가득, 종류, 오다, 고민, 아주, 수, 볼, 국산, 이하, 치즈케이크, 않다, 써다, 맜있어, 생크림, 맛, 먹다, 리뷰, 사르륵, 포장, 머스켓, 간만, 찌다, 것, 케익, 다르다, 신하, 찍다, 아메리카노, 조합, 예전, 싶다, 역대, 우리동네, 달다, 중, 하나, 펴다, 추천, 조각, 가득하다, 산청, 곰돌이, 때뭄, 말뭐, 들다, 또, 기념일, 세척, 지인, 커피, 멀다, 사용, 굿굿, 비주, 근데, 사르르, 찾아오다, 애애애, 전반, 갈다, 고구마, 맨날, 진짜, 우유, 초, 정신차리다, 돌아오다, 하다, 징, 짜다, 판매점, 다, 알차다, 시트, 뚜, 계시다, 이렇다, 사먹다, 프, 여기, 적절하다, 평, 사가다, 잔, 후, 녹다, 때, 케이크, 전날, 제때, 샤인, 빨리, 계속, 검색, 앉다, 잇다, 구매, 거, 지나가다, 늘, 레몬, 오늘, 언니, 일찍, 두, 컬, 일단, 이브, 물리, 제, 프에프, 가게, 사장, 콤, 정말, 취향, 퐁실퐁실, 별로, 매장, 맞추다, 자다, 생기다, 입, 보내다, 뭔가, 미끌거리다, 구입, 버티다, 크리스마스, 점, 픽업, 모두, 엄청, 직원, 도도, 정성, 엄마, 담, 위치, 오픈, 보, 묵직하다, 니당다, 들어가다, 우, 식사, 그, 곳, 당일, 철, 스타일, 진하다, 이다, 듬뿍, 시럽, 케잌, 만, 가다, 사, 추석, 편, 이름, 남편, 걸, 도, 생화, 대박, 해수, 낭시, 나중, 프로, 높이, 사르다, 생명, 예약, 가보다, 재료, 듯, 처음, 생각나다, 찾다, 성격, 망고, 안, 자리, 리치, 감안, 과일, 새롭다, 떡볶이, 지금, 꽂다, 선물, 호캉스, 콕콕, 생일케이크, 딱, 궁금하다, 달달, 무화과, 나, 딸기, 폭풍, 의사, 시간, 분명, 해오다, 그만큼, 호점, 막, 생일, 넘다, 밈, 예정, 가져가다, 요거트"
프에프에케이크,175,1130,28,1333,13.12828207051763,84.77119279819955,2.100525131282821,Positive,"특별하다, 시원시원하다, 칭찬, 이쁘다, 재주, 받다, 중요하다, 신선하다, 친절하다, 저렴하다, 싱싱하다, 높다, 즐기다, 상위, 맛있다, 최고, 가능하다, 크다, 다양하다, 만족스럽다, 축하, 훌륭하다, 감사하다, 달콤하다, 만족, 귀엽다, 좋아하다, 고급, 깨끗하다, 고급스럽다, 유명하다, 고르다, 적당하다, 많다, 아끼다, 멋있다, 어울리다, 충분하다, 성공, 행복하다, 맛집, 이기다, 부드럽다, 괜찮다, 예쁘다, 대가, 만족하다, 좋다, 확실하다, 착하다, 즐거움"
가게 이름,Positive,Neutral,Negative,total_words,Positive (%),Neutral (%),Negative (%),sentiment,top_keywords
쏘네당,42,141,3,186,22.58064516129032,75.80645161290323,1.6129032258064515,Neutral,"끝판, 커피, 느껴지다, 상콤해, 쏘다, 정성, 꼭, 요, 항상, 딸, 보다, , 아기자기하다, 소금, 덜달, 선물, 같이, 수능, 안, 말차, 좀, 쿠키, 저희, 뚱카롱, 보고, 근방, 걸, 먹다, 만들다, 들다, 주다, 만하, 찾다, 식감, 딸기, 서비스, 바닐라, 말다, 꼬끄, 또, 놀래다, 너무, 쫀득쪽득, 파다, 쏠티, 덜, 않다, 가격, 카라멜, 필링, 생기다, 인테리어, 가게, 원, 갈다, 내다, 지나가다, 오다, 굿, 진작, 하다, 크랜베리, 크림, 모두, 하나, 사다, 디저트, 싸다, 마카롱, 오래오래, 맛, 끄다, 진짜, 엄청, 라즈베리, 랄, 다쿠아즈, 매번, 이다, 대박, 집, 원래, 명지대, 제일, 행, 단맛, 곳, 굿굿, 이, 다른, 두께, 더, 최애, 얼그레이, 그렇다, 많이"
쏘네당,42,141,3,186,22.58064516129032,75.80645161290323,1.6129032258064515,Negative,"지나치다, 느끼하다"
쏘네당,42,141,3,186,22.58064516129032,75.80645161290323,1.6129032258064515,Positive,"최고, 예쁘다, 맛집, 다양하다, 친절, 어울리다, 저렴하다, 착하다, 친절하다, 좋아하다, 좋아지다, 맛있다, 좋다, 적당하다, 부드럽다"
가게 이름,Positive,Neutral,Negative,total_words,Positive (%),Neutral (%),Negative (%),sentiment,top_keywords
하이롱 디저트가게,202,1409,27,1638,12.332112332112333,86.01953601953602,1.6483516483516485,Neutral,"면서, 개존맛, 다르다, 딱, 맞다, 일찍, 휴무, 다, 드물다, 다이어터, 사가다, 블루베리, 집, 나다, 미국, 달다, 필링, 같이, 제, 감다, 꾸다, 만, 새롭다, 먹어주다, 몇개, 버터, 특히, 버세, 로나, 돌아가다, 시간, 살다, 모든, 부드러움, 쫀쫀해, 방문, 학교, 숲, 그걸, 엄청, 팔다, 전날, 낭낭, 잼, 개인, 짭조롬, 생각, 충전, 얼, 내내, 쫀득해, 탱, 파다, 갈다, 이번, 쫀득, 대박, 며칠, 추천, , 메, 해주다, 너무, 마스, 것, 많아지다, 맛, 움, 가다, 플레인, 약, 아주, 사오다, 되어다, 이, 나용, 보기, 사람, 세, 그거, 넘다, 럼블, 도전, 버시, 인근, 떠지다, 시험, 카포네, 인생, 대다, 항상, 많이, 우리, 잡채, 한번, 짭짤하다, 상태, 도우, 찍다, 그것, 오픈런, 닷, 명지대, 꼭, 길, 꾹, 오픈, 생기다, 쿠키, 상큼, 생각나다, 쪼오온뜩, 주륵주륵, 찰떡, 밸런스, 제일, 원픽, 겉바, 부터, 종종, 이집, 맘모스, 찾아보다, 시작, 솔티, 들리다, 포인트, 이다, 레몬, 건지다, 단골, 고소하다, 둘러싸다, 일, 고소, 보, 마카롱, 더, 사진, 가깝다, 다른, 유자, 이름, 출시, 해봤다, 단맛, 당기다, 듯, 콘, 쫀쫀, 물다, 메뉴, 골목, 뭐해, 사먹다, 낭시, 점, 전문, 흑임자, 기분, 깨다, 히, 오다, 모카, 꼬끄, 힘내다, 인걸, 조금, 잘나가다, 카라멜, 실례, 요거트, 황, 경쟁자, 달달, 살리다, 해동, 사르르, 올라오다, 식, 잘알다, 토요일, 무화과, 여기, 욥, 파라, 시선, 팥, 맨날, 말차, 참다, 눈, 쇼콜라, 항상꼬끄, 보고, 인절미, 확, 약과, 안되다, 화이트, 얼리다, 너, 주위, 가격, 그렇게, 접시, 픽업, 자다, 정말, 달콤, 해도, 월넛, 시나몬, 다시, 길다, 안다, 바랑, 싶다, 기본, 순간, 입, 적다, 있다, 들어가다, 감, 상온, 초콜릿, 쫀득한데, 오늘, 개죤맛, 여러분, 돌파, 앞, 카페, 아직, 입장, 절미, 올리다, 덜, 두다, 물리, 에타, 흑, 멈추다, 원래, 흘러내리다, 이렇다, 손, 겉, 되다, 날, 이백원, 진짜, 마들렌, 특색, 자주, 옥수수, 치케, 프차, 드디어, 사보다, 바인, 같다, 아담하다, 티라미수, 끝판, 뻔, 글, 배정, 테이크아웃, 다크, 당장, 사기, 곳, 매장, 쫜득하, 대로, 그게, 인스타, 거의, 무궁무진, 수, 쫀득쫀득, 이빨, 돼다, 실제, 산딸기, 보다, 남다, 봉봉, 초코, 바, 예약, 뻔하다, 득, 몇, 언니, 조아영, 쓰다, 들다, 바라다, 쫀덕쫀득, 구, 커피, 후, 그래도, 이렇게, 어디가, 가다가, 가득하다, 큼직하다, 홍은동, 차이, 크림, 일단, 춥다, 선택, 벌써, 마시멜로, 무, 진짜진짜, 이제, 근본, 읍니, 발, 도, 찰랑찰랑, 레드, 녹이다, 하나같이, 바삭, 단, 욤, 선물, 벨벳, 촉, 느껴지다, 박히다, 볼, 비, 디저트, 치즈, 찾다, 필요없다, 무조건, 사다, 흥, 또, 휘, 얼그레이, 진심, 진하다, 취향, 우연히, 첫, 달려가다, 진짜루, 흐르다, 일요일, 혹시, 이미, 묵직하다, 운동, 투썸, 주력, 에그타르트, 가게, 구리, 케이크, 사장, 개, 보지, 식감, 라떼, 백원, 동생, 하말, 성함, 하다, 번, 주르륵, 아부지, 왜, 레, 눈물나다, 찌다, 콘칩, 남기다, 않다, 홀라당, 청, 도장, 마싯다, 먹기, 짱, 재료, 먹다, 정도, 사가, 아몬드, 고민, 심심하다, 그냥, 자마자, 여전하다, 종류, 호강, 말, 요, 야하다, 별로, 나오다, 담, 완전, 칩, 저녁, 꾹꾹, 수가, 스타트, 둘러보다, 거, 안, 그동안, 톤, 녹다, 보이다, 저, 덕해, 요즘, 증말, 말모, 떡, 가요, 여, 듣다, 자꾸, 슴, 하굣길, 빠싹, 다음, 피칸, 좀, 처음, 바로, 습, 딸기, 하이, 니당다, 쟁이러, 때, 수만, 존맛, 여기다, 가제, 달, 익다, 쫀득쫀득하, 롱, 최애, 존맛탱, 주문, 가야, 꾸덕꾸덕, 욧, 지나가다, 건, 전, 자국, 오니, 게, 향, 츄러스, 사르다, 대박나다, 재, 까먹다, 과자, 궁금하다, 아이, 러버, 기절, 픽, 인테리어, 피스타치오, 헤이즐넛, 알다, 헉, 쫜득쫜득, 리뷰, 순삭, 세계, 나가다, 근처"
하이롱 디저트가게,202,1409,27,1638,12.332112332112333,86.01953601953602,1.6483516483516485,Negative,"버리다, 없다, 후회, 아니다, 느끼하다, 아쉽다, 걸리다, 귀찮다, 늦다, 중독, 없어지다, 해, 눈물"
하이롱 디저트가게,202,1409,27,1638,12.332112332112333,86.01953601953602,1.6483516483516485,Positive,"행복하다, 받다, 좋아하다, 신기하다, 많다, 친절, 깨끗하다, 예쁘다, 애정, 좋다, 솔직하다, 유명하다, 맛있다, 제대로, 기대, 친절하다, 도리, 다양하다, 맛집, 사랑, 착하다, 이쁘다, 고급스럽다, 친구, 부드럽다, 곱다, 깔끔하다, 적당하다, 기쁘다, 크다, 바르다, 중요하다, 고르다, 초월, 최고, 감동, 아낌없이, 완벽하다, 소중하다, 편하다, 덕, 믿다"
폴센,47,176,3,226,20.79646017699115,77.87610619469027,1.3274336283185841,Negative,"아니다, 버리다, 없다"
폴센,47,176,3,226,20.79646017699115,77.87610619469027,1.3274336283185841,Neutral,"엄청, 맛, 아직, 편이, 케익, 곳, 나용, 아기자기하다, 꼭, 요, 감솨, 꾸미다, 맞다, 세다, 세상, 끄다, 추천, 예약, 생기다, 얼그레이, 늠, 용해, 너무, 꽉차다, 동네, 폴, 커피, 딸, 모두, 모습, 가깝다, 입, 브루잉, 우리동네, 치즈케이크, 보지, 순, 기분, 아들, 더, 티라미수, 찾기, 타르트, 항상, 레이크, 제일, 바게트, 명지대, 넘다, 진심, 꼬, 왕, 서비스, 집중, 거의, 쪽, 달, 생일, 제, 달라, 사먹다, 치즈, 집, 있다, 자꾸, 않다, 케이크, 이다, 먹다, 가성, 자랑, 딸기, 탱, 것, 힘드다, 사보다, 단골, 버터, 지나가다, 자주, 선물, 후문, 내다, 준비, 꼬끄, 빠리, 비교, 비, 나, 구매, 가게, 후, 사장, 이, 되다, 진짜, 가보다, 하다, 정도, 여기, 드, 졸라, 다, 존맛, 쫜득쫜득, 찍다, 임, 녹다, 짱, 마카롱, 필링, 주다, 껍데기, 그냥, 같다, 보고, 이미, 근처"
폴센,47,176,3,226,20.79646017699115,77.87610619469027,1.3274336283185841,Positive,"친절하다, 든든하다, 받다, 친절, 감탄, 최고, 예쁘다, 저렴하다, 특별하다, 좋아지다, 맛있다, 맛집, 좋다, 부드럽다, 좋아하다"
가게 이름,Positive,Neutral,Negative,total_words,Positive (%),Neutral (%),Negative (%),sentiment,top_keywords
무지개카페,202,894,13,1109,18.214607754733994,80.6131650135257,1.1722272317403066,Positive,"이쁘다, 좋아지다, 좋아하다, 재미, 만족하다, 부드럽다, 쾌적하다, 가능하다, 편리하다, 많다, 깔끔하다, 행복하다, 굉장하다, 화려하다, 편안하다, 다양하다, 편하다, 감동, 괜찮다, 멋지다, 높다, 제대로, 좋다, 맛있다, 기대, 순하다, 예쁘다, 깨끗하다, 최고, 적합하다, 고르다, 신선하다, 친절하다, 뛰어넘다, 신기하다, 덕, 맛집, 적당하다, 크다, 여유"
무지개카페,202,894,13,1109,18.214607754733994,80.6131650135257,1.1722272317403066,Negative,"떨다, 거슬리다, 위기, 부족하다, 싫다, 걸리다, 해, 안달, 어렵다, 비싸다, 아니다, 추하다, 덥다"
무지개카페,202,894,13,1109,18.214607754733994,80.6131650135257,1.1722272317403066,Neutral,"분, 생, 씻다, 도자기, 중, 요즘, 우리, 걷다, 의자, 폭탄, 것, 좌석, 흑임자, 끄다, 밀도, 슈페, 잊다, 차도, 앉다, 홍은동, 종류, 달, 강아지, 특히, 분위기, 일어나다, 기분, 의사, 오오, 마치, 섞다, 쓸다, 계속, 깔다, 까페, 이예, 들리다, 갠, 디저트, 쫀득쫀득, 다른, 존맛, 녹말, 아이스, 기둥, 재, 아주, 유자차, 미술관, 고, 핫, 너, 모르다, 기도, 젤, 프랑, 개인, 차차, 매장, 돼다, 동동, 이렇게, 시즌, 내용물, 여름, 앞, 추가, 알다, 찾다, 매력, 식물, 제, 튀다, 입, 들어가다, 이렇다, 시간, 넓다, 섞이다, 동반, 갤러리, 딸, 고소하다, 우리동네, 느낌, 대화, 작품, 테, 라떼, 일단, 갈다, 브루, 무지개, 적다, 요거트, 아래, , 크림, 보이다, 혼, 향, 정도, 류, 시키다, 주다, 맞추다, 데리, 카페, 티타임, 오다, 최애, 나오다, 전시회, 인테리어, 이유, 넉, 찌다, 아늑하다, 정말, 콤달콤, 같다, 강, 들어오다, 퍼센트, 아인, 보고, 마시기, 사장, 임, 꿀, 책보, 들르다, 수, 요, 메뉴, 요소, 동안, 망고, 말다, 작다, 처, 번창, 리터, 채광, 커피숍, 이야기, 못, 해보다, 카스테라, 기간, 생각, 온, 이다, 이인, 찾아가다, 달달, 마음, 그냥, 이용, 달다, 구경, 가보다, 할로윈, 꾸미다, 감, 와인, 너무, 읽다, 몇번, 지나가다, 초코, 오픈, 사르르, 카공, 수다, 되어다, 이상, 주스, 주문, 단체, 분리, 때, 잘나오다, 케잌, 일본, 사진, 연희동, 녹다, 휘저, 노트북, 숨다, 먹기, 팬, 사용, 딸기, 스무디, 빵, 죠아, 단골, 만큼, 책, 말, 헤이질럿, 힐링, 베스트, 다음, 소리, 베, 공부, 스피커, 여기, 홍제천, 먹다, 늘리다, 족, 땅콩, 짱, 느끼다, 케이크, 미술, 자리, 하니, 추천, 렌카, 굿, 생기다, 모임, 보다, 주차, 공간, 감각, 처음, 리지, 커피, 세상, 명지대, 쫀득함, 전시, 살얼음, 다, 아포가토, 완전, 충전, 아인슈페너, 더, 조용하다, 마, 시나몬, 장소, 은근, 방문, 음료, 되다, 거, 두번째, 내부, 않다, 종종, 꾸다, 머물다, 손, 애견, 팔다, 음악, 무엇, 우선, 동네, 수박, 맛, 있다, 명, 안, 카, 하다, 곳, 꼭, 정말로, 진짜, 흔하다, 발견, 파다, 넘다, 잇다, 해주다, 자주, 궁금하다, 바나나, 거나, 날, 집중, 식감, 뒤, 신상, 검색, 만들다, 무난, 보닐, 케익, 호두, 타르트, 가다, 또, 아직, 일반, 싶다, 콜드, 아지트, 엄청, 뷰, 그렇다, 많이, 원두, 그림, 위치, 자다, 투성이, 원래, 제일, 석도, 들다, 새롭다, 둘"
가게 이름,Positive,Neutral,Negative,total_words,Positive (%),Neutral (%),Negative (%),sentiment,top_keywords
할리스 서울명지대점,105,337,10,452,23.23008849557522,74.5575221238938,2.2123893805309733,Negative,"깜놀, 힘들다, 차마, 아니다, 떨어지다, 해, 잘못, 없다, 질투"
할리스 서울명지대점,105,337,10,452,23.23008849557522,74.5575221238938,2.2123893805309733,Positive,"편하다, 강추, 크다, 괜찮다, 좋다, 예쁘다, 받다, 맛있다, 많다, 맛집, 확실하다, 이벤트, 깨끗하다, 깔끔하다, 풍부하다, 쾌적하다, 특별하다, 여유롭다, 친절하다"
할리스 서울명지대점,105,337,10,452,23.23008849557522,74.5575221238938,2.2123893805309733,Neutral,"오픈, 자다, 콜드, 소리, 마시다, 분, 나누다, 쉬다, 치노, 직원, 중, 너무, 이해, 해주다, 좀, 룸, 슴, 후, 바닐라, 컵, 콘센트, 자리, 정도, 들리다, 나누기, 놀라다, 대화, 입, 깊다, 알바생, 앉다, 못, 말다, 들다, 수, 음악, 인테리어, 안, 브루, 그래도, 그렇다, 있다, 붐비다, 자주, 서울, 먹다, 가기, 립스틱, 분위기, 차도, 딜, 빡, 서다, 왠지, 이미, 곳, 같다, 비슷하다, 카페라떼, 사장, 얘기, 저녁, 징, 나오다, 앞, 라떼, 근데, 간단하다, 치즈, 추천, 딸기, 노트북, 커피, 식사, 할리스커피, 쏘다, 이다, 가장, 가다, 디저트, 확인, 사람, 묻다, 제조, 담소, 방학, 카페, 음료, 되어다, 교직원, 무엇, 때, 면서, 다, 매니저, 카, 선물, 조각, 학생, 정말, 종종, 조용하다, 아침, 아이스, 매장, 업무, 굿, 여자, 당, 처음, 새롭다, 스터디, 넓다, 먹기, 진하다, 포스, 심, 행사, 케이크, 만, 시간대, 생기다, 주변, 깜짝, 거, 싶다, 케익, 가끔, 빙수, 많이, 드네, 다시, 이용, 아아, 생각나다, 기본, 독서실, 카공, 항상, 짱, 알바, 명지대, 할리스, 공부, 않다, 대다, 좌석, 층, 정신, 굳다, 시키다, 개강, 맛, 저, 충전, 근처, 늘, , 하다, 그대로, 라이트, 오래, 굿굿, 인, 남, 보다, 중이, 구매, 차분하다, 점, 많아지다, 대박나다, 한산하다, 계산, 차다, 집중"
가게 이름,Positive,Neutral,Negative,total_words,Positive (%),Neutral (%),Negative (%),sentiment,top_keywords
대단한탕후루 명지대점,175,933,28,1136,15.404929577464788,82.13028169014085,2.464788732394366,Negative,"씹다, 잘못, 중독, 버리다, 일부러, 추하다, 실망, 먼지, 해, 비싸다, 심하다, 짜증나다, 스포, 아니다, 없다, 겁나다"
대단한탕후루 명지대점,175,933,28,1136,15.404929577464788,82.13028169014085,2.464788732394366,Positive,"많다, 솔직하다, 인기, 다양하다, 감사하다, 적당하다, 좋다, 믿음, 맛집, 좋아하다, 청결하다, 친절, 재미, 운, 실하다, 바르다, 높다, 싱싱하다, 제대로, 저렴하다, 친절하다, 가능하다, 잘생기다, 받다, 기대, 고르다, 낫다, 맛있다, 어울리다, 기쁘다, 장하다, 도리, 감동, 최고, 달콤하다, 편하다, 깔끔하다, 크다, 대단하다, 꼼꼼하다, 신선하다, 괜찮다"
대단한탕후루 명지대점,175,933,28,1136,15.404929577464788,82.13028169014085,2.464788732394366,Neutral,"별로, 설명, 바삭바삭, 수거, 때, 철, 무조건, 응대, 의사, 파다, 처음, 찍기, 포도, 취약, 곳, 종종, 알도, 길, 간, 근처, 상태, 왜, 찾아오다, 샤머, 제일, 직접, 스캣, 생각나다, 타고, 혹시, 시간, 아샤, 끝나다, 맞다, 젤, 골고루, 번창, 커피, 번, 바로, 사다, 허다, 하다, 지나가다, 수, 어른, 요, 같다, 맘, 설탕, 다르다, 미리, 이렇게, 흡입, 정도, 주문, 어머니, 역시, 동네, 따로, 늘, 직원, 암튼, 게, 콰, 그래서, 비도, 파인애플, 다발, 촉, 노래, 팝핑, 후, 달다, 시럽, 딱딱하다, 걸다, 막, 루, 반응, 건, 물다, 생, 품절, 불다, 묻다, 항상, 버스, 밑, 탕후루, 처, 나, 확인, 이제, 톡톡, 사장, 대다, 통귤, 물티슈, 나오다, 붕어빵, 훨씬, 은근, 싱싱, 진짜, 비, 과일, 튀다, 겨울, 복불복, 돌이, 모두, 완전, 늘다, 도독, 생기다, 자다, 완전빠삭해, 머, 두, 애, 꿀맛, 불구, 오픈, 탕, 굳다, 마카, 귤탕후루, 있다, 인생, 먹기, 붙다, 해주다, 프랜차이즈, 과즙, 방문, 후루루, 제철, 싶다, 가득, 되다, 코팅, 블랙, 갈다, 메뉴, 도장, 보다, 말, 가장, 영업, 만, 가보다, 꼭, 무엇, 쿠폰, 점, 남자, 종료, 영, 팡, 슈크림, 단골, 이, 온, 또, 유난히, 후다닥, 우연히, 여기, 도, 추천, 일반, 일로, 스럽다, 일단, 굿, 명지대, 자잘하다, 그렇다, 사서, 거의, 세번, 사먹다, 촉촉하다, 달려가다, 딸기, 쓰다, 직, 뭐해, 내일, 마리, 알, 강, 오다, 마감, 떼다, 이다, 비법, 입안, 학생, 귤, 우리, 똑같다, 가격, 너무, 남기다, 음료, 맛, 녹다, 좀, 섬세하다, 식, 찾아보다, 딸아이, 초등학생, 쓰레기, 것, 평소, 걸, 오늘, 가깝다, 감안, 리뷰, 싸다, 적어도, 퇴근, 살다, 이번, 내, 정말, 나다, 않다, 편, 저희, 그, 가성, 포장, 소식, 머스켓, 콤, 들리다, 붕어, 어금니, 겉바, 사오다, 거리, 알바, 세트, 뭐, 자주, 두툼해, 물론, 이구, 쥬, 달콤, 탕후루집, 첫탕후루, 저번, 많이, 바삭, 몇, 사, 비결, 들다, 픽업, 개, 딸, 집, , 중, 보임, 겟, 얇다, 소리, 사이즈, 다른, 식감, 뭔가, 기, 거, 관리, 핫, 탕후루중, 알바생, 위, 구입, 돼다, 디저트, 분명, 배려, 달, 터지다, 다, 가끔, 다음, 그래도, 존맛, 달달, 새롭다, 믹스, 들르다, 홍대, 매장, 더, 샤인, 시즌, 첫인상, 그냥, 제, 눈사람, 되어다, 여기저기, 드디어, 넘다, 기분, 당연하다, 기전, 챙기다, 펍, 최근, 자꾸, 손, 안, 종류, 입, 바삭바삭하다, 달라붙다, 드리다, 달라, 차다, 헉, 앞, 남자친구, 지치다, 두껍다, 들어주다, 도도, 염려, 자체, 만들다, 우리동네, 시간대, 겉, 하나, 가게, 녹지, 바사삭, 이렇다, 집앞, 토마토, 저, 뒤늦다, 돌아다니다, 가다, 매일, 발견, 정착, 솔드아웃, 재, 요즘, 기념, 감다, 애초, 앙, 사파이어, 포스, 비다, 재다, 세, 팥, 먹다, 이빨, 엄청, 씹히다, 아이, 입히다, 다녀오다, 용"
